campaign_id,platform,date,spend,impressions,clicks,conversions,revenue
C-001,Meta,2024-01-01,156.27,28284,791,29,535.54
C-002,Meta,2024-01-01,336.96,72677,1591,23,405.2
C-003,Meta,2024-01-01,91.56,18331,440,15,277.46
C-004,Google,2024-01-01,182.43,34445,1591,130,1010.24
C-005,Google,2024-01-01,229.27,47671,1588,59,886.44
C-006,Google,2024-01-01,266.27,48916,859,17,439.29
C-007,Google,2024-01-01,141.98,29700,960,43,424.1
C-008,TikTok,2024-01-01,60.94,12990,672,59,448.95
C-009,TikTok,2024-01-01,95.52,17368,606,25,300.52
C-010,TikTok,2024-01-01,183.97,33857,1738,21,370.67
C-011,Meta,2024-01-01,115.33,21725,545,22,337.27
C-012,Google,2024-01-01,165.24,30874,1088,40,509.65
C-001,Meta,2024-01-02,172.03,35369,1079,45,607.12
C-002,Meta,2024-01-02,346.5,65544,1408,19,451.3
C-003,Meta,2024-01-02,91.33,19884,619,22,277.21
C-004,Google,2024-01-02,174.36,37763,1678,116,1047.19
C-005,Google,2024-01-02,213.87,40744,1462,68,705.21
C-006,Google,2024-01-02,256.42,56387,1130,17,354.53
C-007,Google,2024-01-02,114.78,23541,819,31,309.23
C-008,TikTok,2024-01-02,57.87,12722,641,58,461.76
C-009,TikTok,2024-01-02,76.81,16040,642,29,257.17
C-010,TikTok,2024-01-02,208.46,38452,2073,24,497.37
C-011,Meta,2024-01-02,133.53,25442,687,22,420.17
C-012,Google,2024-01-02,177.78,34122,1172,49,509.65
C-001,Meta,2024-01-03,161.81,32616,1060,42,440.21
C-002,Meta,2024-01-03,303.12,54797,1546,25,466.59
C-003,Meta,2024-01-03,94.23,17179,535,23,239.3
C-004,Google,2024-01-03,179.24,32759,1589,128,1035.18
C-005,Google,2024-01-03,208.44,42103,1369,63,692.35
C-006,Google,2024-01-03,255.79,51560,1102,18,386.15
C-007,Google,2024-01-03,149.31,30757,965,38,410.23
C-008,TikTok,2024-01-03,55.04,10651,546,40,363.03
C-009,TikTok,2024-01-03,78.42,16095,561,28,312.77
C-010,TikTok,2024-01-03,174.25,33023,1908,20,325.56
C-011,Meta,2024-01-03,135.68,27521,736,28,414.95
C-012,Google,2024-01-03,145.14,26687,862,34,459.85
C-001,Meta,2024-01-04,160.31,33173,1139,40,498.01
C-002,Meta,2024-01-04,304.57,65320,1509,20,419.82
C-003,Meta,2024-01-04,97.66,18666,483,20,278.38
C-004,Google,2024-01-04,199.51,40303,1569,135,1427.54
C-005,Google,2024-01-04,239.55,51995,2010,75,810.96
C-006,Google,2024-01-04,255.95,50176,870,15,469.14
C-007,Google,2024-01-04,120.84,25541,806,31,426.0
C-008,TikTok,2024-01-04,68.92,13937,742,53,465.96
C-009,TikTok,2024-01-04,102.66,20857,802,38,320.48
C-010,TikTok,2024-01-04,205.05,41033,2495,26,490.13
C-011,Meta,2024-01-04,104.88,19657,545,20,270.34
C-012,Google,2024-01-04,141.75,30562,931,39,469.85
C-001,Meta,2024-01-05,146.37,29763,898,40,426.83
C-002,Meta,2024-01-05,340.75,64588,1564,24,448.43
C-003,Meta,2024-01-05,94.49,19849,484,18,315.0
C-004,Google,2024-01-05,206.79,37828,1555,108,1518.84
C-005,Google,2024-01-05,233.99,50347,1693,63,875.22
C-006,Google,2024-01-05,297.1,60747,1392,26,405.17
C-007,Google,2024-01-05,142.37,27331,917,41,392.93
C-008,TikTok,2024-01-05,53.08,9781,496,36,394.2
C-009,TikTok,2024-01-05,95.88,18039,713,29,343.98
C-010,TikTok,2024-01-05,224.32,47969,2315,27,439.51
C-011,Meta,2024-01-05,102.13,21533,605,20,306.66
C-012,Google,2024-01-05,162.48,32026,901,32,579.69
C-001,Meta,2024-01-06,168.18,33942,1120,45,481.36
C-002,Meta,2024-01-06,284.23,54666,1530,24,440.98
C-003,Meta,2024-01-06,111.97,21095,546,18,352.0
C-004,Google,2024-01-06,200.74,39396,1836,123,1473.08
C-005,Google,2024-01-06,232.97,51031,1952,91,679.17
C-006,Google,2024-01-06,299.87,57961,1309,25,532.19
C-007,Google,2024-01-06,142.12,27098,941,33,489.76
C-008,TikTok,2024-01-06,66.45,12552,687,54,450.48
C-009,TikTok,2024-01-06,97.97,18526,603,24,334.52
C-010,TikTok,2024-01-06,221.86,48515,2491,31,451.88
C-011,Meta,2024-01-06,137.32,27662,845,26,438.76
C-012,Google,2024-01-06,144.57,31588,969,35,453.54
C-001,Meta,2024-01-07,160.28,30861,955,38,495.23
C-002,Meta,2024-01-07,327.35,62258,1653,21,516.8
C-003,Meta,2024-01-07,101.15,21117,634,25,281.39
C-004,Google,2024-01-07,156.78,32385,1383,97,1125.47
C-005,Google,2024-01-07,223.84,42980,1418,57,738.77
C-006,Google,2024-01-07,262.84,48649,949,19,442.91
C-007,Google,2024-01-07,145.71,29815,897,36,384.0
C-008,TikTok,2024-01-07,56.16,11074,566,47,400.1
C-009,TikTok,2024-01-07,88.44,16675,628,31,346.66
C-010,TikTok,2024-01-07,180.18,33043,1825,22,359.67
C-011,Meta,2024-01-07,131.46,27612,784,25,334.86
C-012,Google,2024-01-07,137.17,26034,852,38,382.69
C-001,Meta,2024-01-08,146.15,29988,817,34,466.89
C-002,Meta,2024-01-08,295.42,60928,1297,20,447.09
C-003,Meta,2024-01-08,88.2,17375,439,18,257.16
C-004,Google,2024-01-08,155.71,29579,1470,108,1103.64
C-005,Google,2024-01-08,220.56,48416,1743,83,837.96
C-006,Google,2024-01-08,289.46,60430,1210,23,469.79
C-007,Google,2024-01-08,145.49,30515,969,35,416.82
C-008,TikTok,2024-01-08,62.48,13160,662,54,419.44
C-009,TikTok,2024-01-08,78.59,15044,532,22,286.33
C-010,TikTok,2024-01-08,178.3,33743,1963,25,325.48
C-011,Meta,2024-01-08,116.67,23532,619,20,318.85
C-012,Google,2024-01-08,179.43,36489,1274,57,619.93
C-001,Meta,2024-01-09,144.62,26065,747,32,511.86
C-002,Meta,2024-01-09,363.53,71528,1920,29,524.71
C-003,Meta,2024-01-09,91.62,17295,474,15,252.64
C-004,Google,2024-01-09,189.67,37208,1506,111,1095.13
C-005,Google,2024-01-09,217.7,39420,1335,57,635.17
C-006,Google,2024-01-09,291.99,54143,1070,16,450.24
C-007,Google,2024-01-09,118.75,22927,791,30,395.96
C-008,TikTok,2024-01-09,65.97,12540,548,37,480.6
C-009,TikTok,2024-01-09,103.5,20078,797,38,389.56
C-010,TikTok,2024-01-09,215.25,46921,2347,24,404.89
C-011,Meta,2024-01-09,106.54,22030,606,19,316.16
C-012,Google,2024-01-09,172.81,32265,1099,48,489.04
C-001,Meta,2024-01-10,164.37,35929,951,32,496.31
C-002,Meta,2024-01-10,337.03,73582,1782,28,411.82
C-003,Meta,2024-01-10,105.72,21682,534,21,338.81
C-004,Google,2024-01-10,185.42,34273,1766,143,1149.98
C-005,Google,2024-01-10,205.49,40034,1403,56,771.94
C-006,Google,2024-01-10,307.08,56570,1287,24,539.78
C-007,Google,2024-01-10,138.09,27261,933,42,398.55
C-008,TikTok,2024-01-10,65.55,13210,657,51,504.67
C-009,TikTok,2024-01-10,83.75,17928,748,29,336.02
C-010,TikTok,2024-01-10,184.63,36665,2083,24,332.9
C-011,Meta,2024-01-10,132.63,24838,612,24,353.58
C-012,Google,2024-01-10,178.26,37086,1141,39,647.11
C-001,Meta,2024-01-11,131.35,27426,819,35,444.36
C-002,Meta,2024-01-11,334.01,66679,1813,23,428.56
C-003,Meta,2024-01-11,105.75,20330,583,21,309.52
C-004,Google,2024-01-11,175.98,36927,1577,125,1065.26
C-005,Google,2024-01-11,194.34,35919,1141,42,667.87
C-006,Google,2024-01-11,302.02,56600,1035,18,515.79
C-007,Google,2024-01-11,148.59,29864,893,31,418.36
C-008,TikTok,2024-01-11,55.09,10311,440,35,369.79
C-009,TikTok,2024-01-11,102.81,20781,836,33,411.03
C-010,TikTok,2024-01-11,199.45,42863,2409,28,411.36
C-011,Meta,2024-01-11,108.64,19778,604,21,333.59
C-012,Google,2024-01-11,155.23,28401,973,34,444.46
C-001,Meta,2024-01-12,152.83,29366,1011,35,527.85
C-002,Meta,2024-01-12,330.21,69882,1603,24,455.43
C-003,Meta,2024-01-12,98.28,21071,676,24,295.36
C-004,Google,2024-01-12,185.92,38969,1989,136,1103.71
C-005,Google,2024-01-12,220.11,41002,1294,47,636.72
C-006,Google,2024-01-12,275.84,56203,1053,17,468.75
C-007,Google,2024-01-12,137.92,27330,923,41,464.47
C-008,TikTok,2024-01-12,62.25,12851,726,56,454.19
C-009,TikTok,2024-01-12,93.99,20333,848,33,304.45
C-010,TikTok,2024-01-12,188.46,39568,2221,24,351.17
C-011,Meta,2024-01-12,126.79,26370,806,29,354.35
C-012,Google,2024-01-12,139.86,25397,821,31,414.03
C-001,Meta,2024-01-13,131.61,28753,949,38,478.11
C-002,Meta,2024-01-13,367.96,76127,1771,22,554.75
C-003,Meta,2024-01-13,99.12,20424,643,22,294.81
C-004,Google,2024-01-13,187.28,37394,1476,105,1156.44
C-005,Google,2024-01-13,220.72,47302,1571,69,702.77
C-006,Google,2024-01-13,317.4,67461,1369,24,479.58
C-007,Google,2024-01-13,123.11,26937,837,33,437.53
C-008,TikTok,2024-01-13,62.84,12675,617,44,433.69
C-009,TikTok,2024-01-13,96.92,19870,813,33,354.06
C-010,TikTok,2024-01-13,225.66,44573,2597,27,541.15
C-011,Meta,2024-01-13,123.92,23491,569,20,352.41
C-012,Google,2024-01-13,140.47,30859,1144,46,397.92
C-001,Meta,2024-01-14,164.95,32979,1053,42,491.96
C-002,Meta,2024-01-14,352.13,77190,1781,27,475.76
C-003,Meta,2024-01-14,112.66,22569,703,29,304.78
C-004,Google,2024-01-14,195.66,38466,1956,147,1394.09
C-005,Google,2024-01-14,196.32,37682,1353,65,665.41
C-006,Google,2024-01-14,250.48,50482,962,17,405.99
C-007,Google,2024-01-14,128.26,24737,717,30,406.17
C-008,TikTok,2024-01-14,55.2,11648,502,43,421.91
C-009,TikTok,2024-01-14,98.41,19233,766,37,405.38
C-010,TikTok,2024-01-14,199.72,36245,1994,24,465.93
C-011,Meta,2024-01-14,133.47,26375,717,25,398.66
C-012,Google,2024-01-14,155.68,32099,949,38,568.3
C-001,Meta,2024-01-15,142.74,29648,929,41,505.05
C-002,Meta,2024-01-15,354.5,69198,1634,26,534.92
C-003,Meta,2024-01-15,111.17,20170,491,19,363.1
C-004,Google,2024-01-15,206.86,43413,1914,126,1398.54
C-005,Google,2024-01-15,233.47,46168,1709,80,685.68
C-006,Google,2024-01-15,304.88,58456,1125,18,492.37
C-007,Google,2024-01-15,132.57,28065,809,28,456.69
C-008,TikTok,2024-01-15,62.15,11785,662,47,442.26
C-009,TikTok,2024-01-15,83.36,15856,513,25,336.22
C-010,TikTok,2024-01-15,210.66,39249,2120,24,454.01
C-011,Meta,2024-01-15,125.0,24621,614,24,318.42
C-012,Google,2024-01-15,154.47,30790,935,39,505.4
C-001,Meta,2024-01-16,172.17,33023,1132,47,513.67
C-002,Meta,2024-01-16,326.33,67691,1816,23,471.45
C-003,Meta,2024-01-16,99.9,21595,565,23,299.02
C-004,Google,2024-01-16,172.03,35346,1648,130,1192.31
C-005,Google,2024-01-16,220.03,46983,1707,80,780.95
C-006,Google,2024-01-16,263.95,52165,1068,20,370.39
C-007,Google,2024-01-16,122.01,25609,739,26,382.7
C-008,TikTok,2024-01-16,68.49,13782,774,68,457.17
C-009,TikTok,2024-01-16,98.77,19682,816,39,338.37
C-010,TikTok,2024-01-16,176.91,38657,1896,25,411.65
C-011,Meta,2024-01-16,128.07,28072,864,33,344.16
C-012,Google,2024-01-16,173.95,31407,1047,42,585.5
C-001,Meta,2024-01-17,157.76,32085,1055,47,445.52
C-002,Meta,2024-01-17,294.45,53295,1485,22,463.58
C-003,Meta,2024-01-17,91.64,16726,513,21,249.99
C-004,Google,2024-01-17,175.05,32487,1657,116,1135.31
C-005,Google,2024-01-17,184.62,39783,1240,51,659.81
C-006,Google,2024-01-17,300.42,65443,1277,24,430.85
C-007,Google,2024-01-17,126.68,23304,743,28,445.9
C-008,TikTok,2024-01-17,51.59,10050,493,44,411.06
C-009,TikTok,2024-01-17,79.18,16424,632,32,272.96
C-010,TikTok,2024-01-17,193.89,36372,1773,23,401.64
C-011,Meta,2024-01-17,125.86,25885,719,22,382.73
C-012,Google,2024-01-17,147.69,27328,919,32,510.2
C-001,Meta,2024-01-18,136.82,25809,860,32,391.53
C-002,Meta,2024-01-18,358.45,64561,1787,23,446.13
C-003,Meta,2024-01-18,92.52,17299,507,16,229.26
C-004,Google,2024-01-18,195.66,37080,1580,106,1101.01
C-005,Google,2024-01-18,225.23,45281,1701,70,829.65
C-006,Google,2024-01-18,281.11,51826,1037,21,388.16
C-007,Google,2024-01-18,141.05,30280,975,38,498.12
C-008,TikTok,2024-01-18,52.09,10374,503,42,373.95
C-009,TikTok,2024-01-18,101.06,18487,614,28,316.41
C-010,TikTok,2024-01-18,186.5,38292,2136,24,449.77
C-011,Meta,2024-01-18,121.1,23995,668,21,359.61
C-012,Google,2024-01-18,176.93,36454,1300,56,517.77
C-001,Meta,2024-01-19,147.82,27958,798,31,461.1
C-002,Meta,2024-01-19,281.13,55402,1453,20,352.57
C-003,Meta,2024-01-19,112.69,20586,633,21,287.25
C-004,Google,2024-01-19,192.89,40983,1875,144,1276.95
C-005,Google,2024-01-19,199.27,36842,1232,54,728.39
C-006,Google,2024-01-19,310.92,64933,1481,27,475.33
C-007,Google,2024-01-19,133.04,25079,840,30,363.95
C-008,TikTok,2024-01-19,66.22,12893,695,56,520.73
C-009,TikTok,2024-01-19,99.32,21749,905,42,372.86
C-010,TikTok,2024-01-19,171.58,37260,2251,25,325.77
C-011,Meta,2024-01-19,127.3,24487,629,19,395.99
C-012,Google,2024-01-19,163.18,31988,942,40,448.65
C-001,Meta,2024-01-20,161.08,30380,889,33,495.36
C-002,Meta,2024-01-20,341.27,72033,1837,24,413.65
C-003,Meta,2024-01-20,89.72,18366,541,19,272.83
C-004,Google,2024-01-20,179.23,35430,1485,119,1030.02
C-005,Google,2024-01-20,205.58,39333,1450,60,734.02
C-006,Google,2024-01-20,241.82,47350,975,14,363.86
C-007,Google,2024-01-20,118.74,22025,653,24,313.73
C-008,TikTok,2024-01-20,64.45,12053,580,49,464.08
C-009,TikTok,2024-01-20,99.0,21012,695,34,307.46
C-010,TikTok,2024-01-20,171.12,37106,2262,27,367.26
C-011,Meta,2024-01-20,127.54,25088,599,18,338.34
C-012,Google,2024-01-20,174.46,35716,1296,59,489.29
C-001,Meta,2024-01-21,165.5,31400,967,38,513.04
C-002,Meta,2024-01-21,301.79,58420,1387,18,423.83
C-003,Meta,2024-01-21,88.42,17719,556,20,273.91
C-004,Google,2024-01-21,197.22,41929,1737,116,1165.51
C-005,Google,2024-01-21,216.45,45542,1668,63,796.17
C-006,Google,2024-01-21,279.51,58746,1266,22,504.12
C-007,Google,2024-01-21,132.52,27221,903,40,426.49
C-008,TikTok,2024-01-21,53.72,9816,482,36,360.64
C-009,TikTok,2024-01-21,78.02,15626,560,24,243.53
C-010,TikTok,2024-01-21,219.9,40256,2456,32,477.72
C-011,Meta,2024-01-21,120.25,23870,654,25,376.69
C-012,Google,2024-01-21,157.59,33470,1154,44,500.6
C-001,Meta,2024-01-22,134.29,24504,647,28,409.54
C-002,Meta,2024-01-22,340.57,68175,1536,21,467.89
C-003,Meta,2024-01-22,98.18,19725,495,18,266.18
C-004,Google,2024-01-22,175.07,33882,1569,127,1188.24
C-005,Google,2024-01-22,182.65,33567,1237,48,662.69
C-006,Google,2024-01-22,293.15,63394,1409,24,480.68
C-007,Google,2024-01-22,116.02,22507,821,34,348.0
C-008,TikTok,2024-01-22,61.71,13423,632,48,483.19
C-009,TikTok,2024-01-22,98.46,20361,850,40,374.17
C-010,TikTok,2024-01-22,201.58,41493,2229,25,405.87
C-011,Meta,2024-01-22,108.49,20457,626,22,278.85
C-012,Google,2024-01-22,142.6,26108,950,34,493.4
C-001,Meta,2024-01-23,165.08,35549,918,34,570.46
C-002,Meta,2024-01-23,284.58,55512,1247,20,430.81
C-003,Meta,2024-01-23,109.27,20392,560,20,333.65
C-004,Google,2024-01-23,165.83,32795,1380,111,1061.38
C-005,Google,2024-01-23,212.14,40811,1560,64,793.79
C-006,Google,2024-01-23,268.9,58589,1342,23,402.07
C-007,Google,2024-01-23,125.39,25215,919,40,423.84
C-008,TikTok,2024-01-23,53.49,10163,529,47,391.43
C-009,TikTok,2024-01-23,79.27,16950,711,29,307.9
C-010,TikTok,2024-01-23,186.37,40295,1981,23,443.79
C-011,Meta,2024-01-23,109.99,21782,561,17,266.7
C-012,Google,2024-01-23,160.1,30327,1149,45,439.8
C-001,Meta,2024-01-24,169.39,36176,1134,49,483.12
C-002,Meta,2024-01-24,299.54,63859,1690,22,445.21
C-003,Meta,2024-01-24,98.46,17743,434,15,314.23
C-004,Google,2024-01-24,182.64,38188,1732,114,1111.69
C-005,Google,2024-01-24,197.47,35921,1226,56,662.76
C-006,Google,2024-01-24,247.31,53469,1100,16,397.52
C-007,Google,2024-01-24,119.94,22278,697,28,342.88
C-008,TikTok,2024-01-24,58.5,12084,529,48,366.57
C-009,TikTok,2024-01-24,90.7,18166,791,36,315.79
C-010,TikTok,2024-01-24,198.21,40717,2562,28,355.83
C-011,Meta,2024-01-24,130.39,25268,729,27,394.83
C-012,Google,2024-01-24,171.29,33110,943,39,599.68
C-001,Meta,2024-01-25,135.38,28587,848,35,450.34
C-002,Meta,2024-01-25,349.9,63865,1728,25,459.5
C-003,Meta,2024-01-25,86.31,16224,391,16,251.45
C-004,Google,2024-01-25,206.41,41637,1735,140,1217.33
C-005,Google,2024-01-25,200.99,42455,1648,65,606.38
C-006,Google,2024-01-25,268.91,57971,1244,25,415.62
C-007,Google,2024-01-25,148.48,29673,948,42,462.95
C-008,TikTok,2024-01-25,65.42,13678,597,49,516.57
C-009,TikTok,2024-01-25,91.23,17593,584,27,309.36
C-010,TikTok,2024-01-25,206.16,40622,2361,27,373.5
C-011,Meta,2024-01-25,133.32,25877,803,26,427.05
C-012,Google,2024-01-25,181.5,33214,1141,44,633.26
C-001,Meta,2024-01-26,158.07,34476,923,38,548.51
C-002,Meta,2024-01-26,275.34,50301,1362,19,371.93
C-003,Meta,2024-01-26,102.02,20832,614,26,284.5
C-004,Google,2024-01-26,194.21,39416,1789,130,1319.01
C-005,Google,2024-01-26,194.23,35842,1343,56,637.99
C-006,Google,2024-01-26,285.18,54318,1008,17,524.23
C-007,Google,2024-01-26,121.64,26354,841,29,417.0
C-008,TikTok,2024-01-26,59.14,12771,628,44,449.05
C-009,TikTok,2024-01-26,99.33,19149,694,27,362.11
C-010,TikTok,2024-01-26,223.48,47836,2798,37,488.7
C-011,Meta,2024-01-26,130.57,26159,626,20,325.99
C-012,Google,2024-01-26,173.94,31492,1056,41,607.31
C-001,Meta,2024-01-27,152.32,31146,818,30,560.48
C-002,Meta,2024-01-27,341.01,68552,1852,30,416.36
C-003,Meta,2024-01-27,114.17,23484,647,25,315.65
C-004,Google,2024-01-27,200.41,42328,1984,134,1484.88
C-005,Google,2024-01-27,205.75,44530,1350,50,626.73
C-006,Google,2024-01-27,251.83,48579,1032,17,456.22
C-007,Google,2024-01-27,145.4,31091,920,38,457.61
C-008,TikTok,2024-01-27,53.25,10230,516,41,345.29
C-009,TikTok,2024-01-27,101.92,18974,755,36,378.49
C-010,TikTok,2024-01-27,220.55,44671,2696,27,400.0
C-011,Meta,2024-01-27,125.09,25402,716,27,341.49
C-012,Google,2024-01-27,166.67,33320,1141,43,606.41
C-001,Meta,2024-01-28,149.23,31664,1002,37,416.36
C-002,Meta,2024-01-28,277.75,54879,1365,18,401.29
C-003,Meta,2024-01-28,94.38,19700,590,24,312.74
C-004,Google,2024-01-28,160.06,31183,1429,101,1029.93
C-005,Google,2024-01-28,195.35,37100,1141,44,641.11
C-006,Google,2024-01-28,289.69,55021,1221,19,439.51
C-007,Google,2024-01-28,133.03,25609,884,35,414.21
C-008,TikTok,2024-01-28,59.98,11536,494,44,432.56
C-009,TikTok,2024-01-28,102.6,19350,702,27,368.79
C-010,TikTok,2024-01-28,222.94,45963,2505,30,516.94
C-011,Meta,2024-01-28,117.51,25299,729,28,315.79
C-012,Google,2024-01-28,155.23,31482,943,39,433.18
C-001,Meta,2024-01-29,150.19,31626,886,40,506.62
C-002,Meta,2024-01-29,283.41,62067,1502,24,377.62
C-003,Meta,2024-01-29,113.17,23788,605,23,328.2
C-004,Google,2024-01-29,155.45,28833,1232,91,997.39
C-005,Google,2024-01-29,216.69,43472,1442,62,662.15
C-006,Google,2024-01-29,321.21,67316,1265,21,564.55
C-007,Google,2024-01-29,131.26,27347,822,35,390.84
C-008,TikTok,2024-01-29,63.13,13837,709,61,485.26
C-009,TikTok,2024-01-29,95.08,17215,649,33,371.34
C-010,TikTok,2024-01-29,216.57,43986,2579,31,409.84
C-011,Meta,2024-01-29,124.64,25524,759,24,367.91
C-012,Google,2024-01-29,137.52,29969,873,30,415.47
C-001,Meta,2024-01-30,134.31,27885,814,35,484.01
C-002,Meta,2024-01-30,355.79,74514,1618,21,454.37
C-003,Meta,2024-01-30,94.75,19564,551,19,247.83
C-004,Google,2024-01-30,202.25,39174,1685,136,1401.75
C-005,Google,2024-01-30,219.03,45499,1645,62,688.07
C-006,Google,2024-01-30,284.88,53840,1229,20,426.96
C-007,Google,2024-01-30,118.58,24688,746,28,415.43
C-008,TikTok,2024-01-30,65.32,12472,552,46,453.33
C-009,TikTok,2024-01-30,102.96,21903,945,46,347.36
C-010,TikTok,2024-01-30,187.26,39056,2049,24,364.51
C-011,Meta,2024-01-30,119.25,22428,612,24,353.55
C-012,Google,2024-01-30,142.59,29177,987,37,479.54
C-001,Meta,2024-01-31,151.4,31115,808,31,516.07
C-002,Meta,2024-01-31,281.65,59380,1264,19,445.07
C-003,Meta,2024-01-31,97.21,21133,658,24,256.49
C-004,Google,2024-01-31,205.05,39543,1857,156,1168.67
C-005,Google,2024-01-31,214.67,43235,1614,76,820.36
C-006,Google,2024-01-31,252.71,54405,982,19,464.64
C-007,Google,2024-01-31,125.98,25172,911,41,440.45
C-008,TikTok,2024-01-31,66.78,12045,614,43,550.49
C-009,TikTok,2024-01-31,84.18,18482,711,31,342.92
C-010,TikTok,2024-01-31,221.06,43929,2193,23,417.22
C-011,Meta,2024-01-31,118.52,22553,551,21,360.8
C-012,Google,2024-01-31,163.25,34330,1022,46,584.62
C-001,Meta,2024-02-01,164.71,33042,868,36,477.23
C-002,Meta,2024-02-01,285.5,55085,1273,17,367.99
C-003,Meta,2024-02-01,107.61,23476,618,25,266.33
C-004,Google,2024-02-01,188.3,39111,1528,101,1153.01
C-005,Google,2024-02-01,204.04,40828,1598,71,654.4
C-006,Google,2024-02-01,247.86,53697,1007,18,363.16
C-007,Google,2024-02-01,115.71,21536,740,30,349.65
C-008,TikTok,2024-02-01,60.89,12106,612,51,401.37
C-009,TikTok,2024-02-01,83.18,17483,738,29,294.66
C-010,TikTok,2024-02-01,212.23,38864,2178,22,452.05
C-011,Meta,2024-02-01,120.2,24389,589,20,338.61
C-012,Google,2024-02-01,141.58,26647,901,32,454.47
C-001,Meta,2024-02-02,163.89,32472,978,38,454.86
C-002,Meta,2024-02-02,316.39,67162,1791,26,485.0
C-003,Meta,2024-02-02,107.37,21810,527,19,270.62
C-004,Google,2024-02-02,206.68,44928,1760,149,1154.7
C-005,Google,2024-02-02,204.26,43049,1626,78,724.88
C-006,Google,2024-02-02,273.31,60050,1158,23,490.66
C-007,Google,2024-02-02,125.15,25944,870,35,405.83
C-008,TikTok,2024-02-02,57.26,10715,541,43,440.45
C-009,TikTok,2024-02-02,82.51,14863,483,20,312.5
C-010,TikTok,2024-02-02,202.67,40792,2461,27,405.96
C-011,Meta,2024-02-02,111.92,24342,701,22,342.47
C-012,Google,2024-02-02,156.12,32885,1210,42,455.53
C-001,Meta,2024-02-03,132.04,23944,739,31,365.32
C-002,Meta,2024-02-03,343.09,67276,1547,21,532.74
C-003,Meta,2024-02-03,86.69,17351,455,18,268.86
C-004,Google,2024-02-03,170.22,34710,1642,116,1040.63
C-005,Google,2024-02-03,187.53,38707,1241,49,553.62
C-006,Google,2024-02-03,317.68,68361,1536,28,497.19
C-007,Google,2024-02-03,129.83,28418,1029,43,436.98
C-008,TikTok,2024-02-03,56.74,11158,499,38,439.71
C-009,TikTok,2024-02-03,89.29,19105,682,32,350.93
C-010,TikTok,2024-02-03,224.88,45537,2856,34,420.41
C-011,Meta,2024-02-03,110.74,20833,587,23,342.36
C-012,Google,2024-02-03,140.44,29349,878,33,472.82
C-001,Meta,2024-02-04,154.63,33236,903,38,528.11
C-002,Meta,2024-02-04,325.65,64861,1801,25,518.42
C-003,Meta,2024-02-04,85.46,18586,592,19,284.98
C-004,Google,2024-02-04,178.86,33930,1574,107,1307.38
C-005,Google,2024-02-04,213.28,45006,1518,64,694.53
C-006,Google,2024-02-04,259.97,52127,1041,16,476.01
C-007,Google,2024-02-04,128.81,27512,989,38,389.0
C-008,TikTok,2024-02-04,61.13,11544,515,38,497.54
C-009,TikTok,2024-02-04,92.14,18124,616,26,319.75
C-010,TikTok,2024-02-04,220.0,43993,2531,32,428.37
C-011,Meta,2024-02-04,131.58,28771,809,29,331.75
C-012,Google,2024-02-04,174.16,32527,1144,46,627.01
C-001,Meta,2024-02-05,151.9,31241,813,27,536.64
C-002,Meta,2024-02-05,362.74,74988,2023,29,560.02
C-003,Meta,2024-02-05,91.94,19149,457,17,256.48
C-004,Google,2024-02-05,186.36,38515,1793,133,1206.93
C-005,Google,2024-02-05,178.92,36153,1080,45,567.22
C-006,Google,2024-02-05,320.11,57839,1265,23,559.22
C-007,Google,2024-02-05,145.98,26901,756,27,410.71
C-008,TikTok,2024-02-05,60.48,12858,598,46,418.87
C-009,TikTok,2024-02-05,87.46,17719,772,31,332.24
C-010,TikTok,2024-02-05,220.87,45532,2773,35,407.26
C-011,Meta,2024-02-05,115.65,23373,547,16,291.9
C-012,Google,2024-02-05,159.99,31575,1130,47,566.95
C-001,Meta,2024-02-06,131.79,26506,686,25,468.3
C-002,Meta,2024-02-06,357.21,71091,1535,20,563.94
C-003,Meta,2024-02-06,111.98,22680,546,23,306.67
C-004,Google,2024-02-06,204.92,41697,2018,161,1291.34
C-005,Google,2024-02-06,183.35,34194,1103,50,602.66
C-006,Google,2024-02-06,313.31,60553,1303,20,574.76
C-007,Google,2024-02-06,138.74,27752,1014,35,421.98
C-008,TikTok,2024-02-06,66.1,12798,691,62,461.17
C-009,TikTok,2024-02-06,97.39,17645,624,32,349.62
C-010,TikTok,2024-02-06,191.35,41646,2243,28,421.2
C-011,Meta,2024-02-06,105.08,21514,632,24,257.33
C-012,Google,2024-02-06,143.4,29894,1026,45,433.64
C-001,Meta,2024-02-07,132.29,23839,674,25,394.09
C-002,Meta,2024-02-07,284.72,53383,1314,20,387.61
C-003,Meta,2024-02-07,85.79,16656,409,15,235.69
C-004,Google,2024-02-07,173.8,33312,1448,95,1265.65
C-005,Google,2024-02-07,235.53,51610,1845,69,772.15
C-006,Google,2024-02-07,249.66,47946,956,14,391.63
C-007,Google,2024-02-07,126.92,25303,706,26,363.54
C-008,TikTok,2024-02-07,62.25,12683,576,40,421.93
C-009,TikTok,2024-02-07,102.12,19738,777,38,348.83
C-010,TikTok,2024-02-07,190.08,40414,2462,33,355.59
C-011,Meta,2024-02-07,113.54,24739,608,20,362.22
C-012,Google,2024-02-07,182.5,34977,1221,49,597.29
C-001,Meta,2024-02-08,138.41,26995,886,34,391.61
C-002,Meta,2024-02-08,326.13,66429,1683,26,463.44
C-003,Meta,2024-02-08,113.59,22543,670,24,308.79
C-004,Google,2024-02-08,190.41,40511,1984,144,1237.41
C-005,Google,2024-02-08,218.4,41426,1518,67,806.96
C-006,Google,2024-02-08,244.21,53635,1066,18,391.51
C-007,Google,2024-02-08,146.4,30402,985,42,434.71
C-008,TikTok,2024-02-08,67.12,13523,704,49,522.26
C-009,TikTok,2024-02-08,94.26,18305,726,28,388.57
C-010,TikTok,2024-02-08,210.65,41284,2442,33,433.14
C-011,Meta,2024-02-08,102.38,19487,527,19,293.59
C-012,Google,2024-02-08,163.61,32367,1033,45,537.47
C-001,Meta,2024-02-09,150.02,29073,747,26,467.96
C-002,Meta,2024-02-09,364.33,67270,1904,25,481.28
C-003,Meta,2024-02-09,98.66,18575,517,19,280.81
C-004,Google,2024-02-09,190.63,36745,1554,127,1096.01
C-005,Google,2024-02-09,232.0,47773,1760,66,903.31
C-006,Google,2024-02-09,258.49,48331,868,15,470.47
C-007,Google,2024-02-09,119.54,23453,679,28,363.03
C-008,TikTok,2024-02-09,51.53,10541,479,39,358.64
C-009,TikTok,2024-02-09,95.53,17981,735,36,298.78
C-010,TikTok,2024-02-09,176.11,37842,1885,21,365.12
C-011,Meta,2024-02-09,111.44,23904,650,24,321.11
C-012,Google,2024-02-09,165.34,33643,1059,47,547.72
C-001,Meta,2024-02-10,164.12,34176,962,39,459.76
C-002,Meta,2024-02-10,284.86,52617,1238,16,421.95
C-003,Meta,2024-02-10,100.32,19735,492,18,263.5
C-004,Google,2024-02-10,187.32,38913,1827,157,1237.64
C-005,Google,2024-02-10,209.35,38857,1284,53,616.47
C-006,Google,2024-02-10,268.16,48371,861,16,488.76
C-007,Google,2024-02-10,130.21,26015,878,34,444.81
C-008,TikTok,2024-02-10,59.8,10961,470,40,403.7
C-009,TikTok,2024-02-10,83.92,16910,578,25,324.09
C-010,TikTok,2024-02-10,215.96,43621,2120,22,490.95
C-011,Meta,2024-02-10,131.64,25626,758,23,392.81
C-012,Google,2024-02-10,162.22,35622,1035,46,558.25
C-001,Meta,2024-02-11,140.9,30994,915,34,493.72
C-002,Meta,2024-02-11,314.15,69037,1868,25,480.81
C-003,Meta,2024-02-11,102.64,19914,592,23,267.83
C-004,Google,2024-02-11,160.52,30220,1240,80,996.68
C-005,Google,2024-02-11,196.21,39546,1310,58,624.95
C-006,Google,2024-02-11,260.46,55821,1279,24,366.13
C-007,Google,2024-02-11,148.05,31301,1127,51,509.49
C-008,TikTok,2024-02-11,53.28,11436,528,44,421.42
C-009,TikTok,2024-02-11,97.06,20096,761,35,325.17
C-010,TikTok,2024-02-11,194.85,38595,2207,29,359.24
C-011,Meta,2024-02-11,120.56,23042,703,24,383.17
C-012,Google,2024-02-11,151.71,27322,975,42,519.11
C-001,Meta,2024-02-12,148.13,30598,878,30,478.91
C-002,Meta,2024-02-12,292.91,57757,1319,18,450.47
C-003,Meta,2024-02-12,95.13,19322,551,20,262.94
C-004,Google,2024-02-12,189.86,34542,1367,111,1219.13
C-005,Google,2024-02-12,186.33,39931,1372,48,720.57
C-006,Google,2024-02-12,254.99,52921,941,17,366.24
C-007,Google,2024-02-12,146.88,28048,939,34,437.82
C-008,TikTok,2024-02-12,67.27,12553,608,45,513.32
C-009,TikTok,2024-02-12,82.82,17079,688,26,296.08
C-010,TikTok,2024-02-12,177.96,33642,1950,19,395.65
C-011,Meta,2024-02-12,131.42,28850,760,24,320.6
C-012,Google,2024-02-12,154.39,32303,938,36,550.52
C-001,Meta,2024-02-13,133.67,28196,910,32,491.0
C-002,Meta,2024-02-13,285.71,57490,1225,19,392.81
C-003,Meta,2024-02-13,106.67,21880,548,20,326.66
C-004,Google,2024-02-13,199.44,36590,1449,116,1331.2
C-005,Google,2024-02-13,202.69,44293,1463,54,643.04
C-006,Google,2024-02-13,245.08,49539,1020,18,424.95
C-007,Google,2024-02-13,137.43,29398,985,37,428.3
C-008,TikTok,2024-02-13,60.17,12630,592,41,484.94
C-009,TikTok,2024-02-13,102.28,20435,686,30,378.58
C-010,TikTok,2024-02-13,201.7,44194,2785,37,376.81
C-011,Meta,2024-02-13,132.99,26961,698,26,401.72
C-012,Google,2024-02-13,181.81,38328,1081,38,540.28
C-001,Meta,2024-02-14,129.29,23584,768,30,429.69
C-002,Meta,2024-02-14,320.1,62937,1668,21,453.06
C-003,Meta,2024-02-14,103.48,19774,522,19,273.37
C-004,Google,2024-02-14,196.64,39614,1724,134,1406.43
C-005,Google,2024-02-14,221.41,40439,1499,67,831.04
C-006,Google,2024-02-14,242.86,44552,873,15,401.26
C-007,Google,2024-02-14,122.56,25696,881,31,403.63
C-008,TikTok,2024-02-14,63.63,11870,674,54,497.03
C-009,TikTok,2024-02-14,95.96,17913,604,29,321.49
C-010,TikTok,2024-02-14,223.18,47059,2222,29,436.62
C-011,Meta,2024-02-14,104.3,21745,600,18,288.11
C-012,Google,2024-02-14,153.29,30655,1031,40,454.49
C-001,Meta,2024-02-15,132.13,26816,858,31,423.94
C-002,Meta,2024-02-15,276.23,59256,1367,20,373.15
C-003,Meta,2024-02-15,89.5,19443,602,23,291.78
C-004,Google,2024-02-15,193.0,37977,1617,118,1337.41
C-005,Google,2024-02-15,195.59,35815,1205,50,745.19
C-006,Google,2024-02-15,253.06,53692,1228,25,352.53
C-007,Google,2024-02-15,128.64,24607,868,32,405.14
C-008,TikTok,2024-02-15,51.14,9615,489,36,381.76
C-009,TikTok,2024-02-15,89.03,18132,687,33,291.22
C-010,TikTok,2024-02-15,224.03,47140,2394,24,457.77
C-011,Meta,2024-02-15,110.39,21399,636,25,350.91
C-012,Google,2024-02-15,136.07,28070,1023,44,383.69
C-001,Meta,2024-02-16,151.34,28682,858,29,556.49
C-002,Meta,2024-02-16,340.32,62523,1760,29,479.27
C-003,Meta,2024-02-16,106.03,20665,660,21,270.18
C-004,Google,2024-02-16,160.21,34092,1338,102,1021.05
C-005,Google,2024-02-16,239.25,45330,1472,58,886.86
C-006,Google,2024-02-16,296.86,62166,1175,19,414.37
C-007,Google,2024-02-16,118.41,25007,820,29,330.11
C-008,TikTok,2024-02-16,59.39,11655,589,53,390.1
C-009,TikTok,2024-02-16,84.82,16166,544,21,322.4
C-010,TikTok,2024-02-16,219.58,45645,2164,28,437.3
C-011,Meta,2024-02-16,105.28,19995,516,18,310.45
C-012,Google,2024-02-16,148.49,32612,924,36,468.35
C-001,Meta,2024-02-17,161.16,30619,908,39,459.98
C-002,Meta,2024-02-17,273.15,58239,1666,22,419.54
C-003,Meta,2024-02-17,96.17,19735,576,22,258.71
C-004,Google,2024-02-17,196.89,35611,1393,117,1258.07
C-005,Google,2024-02-17,186.61,40345,1551,61,547.43
C-006,Google,2024-02-17,276.72,51669,1056,20,428.81
C-007,Google,2024-02-17,111.65,23148,668,24,313.63
C-008,TikTok,2024-02-17,56.04,12067,519,43,372.72
C-009,TikTok,2024-02-17,84.47,16596,640,25,284.0
C-010,TikTok,2024-02-17,178.23,33503,2055,24,388.96
C-011,Meta,2024-02-17,130.88,27719,858,33,350.97
C-012,Google,2024-02-17,162.14,32328,1198,49,501.47
C-001,Meta,2024-02-18,135.59,26135,717,32,470.14
C-002,Meta,2024-02-18,277.62,60982,1538,24,446.92
C-003,Meta,2024-02-18,114.22,21017,616,21,362.67
C-004,Google,2024-02-18,202.53,36908,1908,131,1453.29
C-005,Google,2024-02-18,228.74,44419,1712,79,702.15
C-006,Google,2024-02-18,287.77,61078,1293,26,395.26
C-007,Google,2024-02-18,137.82,30031,979,39,387.28
C-008,TikTok,2024-02-18,68.78,14805,738,55,493.8
C-009,TikTok,2024-02-18,78.94,14943,519,23,241.61
C-010,TikTok,2024-02-18,225.07,42326,2069,26,532.03
C-011,Meta,2024-02-18,132.39,25543,590,21,417.09
C-012,Google,2024-02-18,173.17,37034,1354,63,533.13
C-001,Meta,2024-02-19,169.89,33268,878,33,484.36
C-002,Meta,2024-02-19,287.12,62577,1701,29,419.96
C-003,Meta,2024-02-19,90.23,19737,584,25,284.2
C-004,Google,2024-02-19,165.05,33597,1364,96,1133.49
C-005,Google,2024-02-19,186.52,39011,1549,73,613.55
C-006,Google,2024-02-19,321.52,70286,1208,22,579.41
C-007,Google,2024-02-19,148.23,27991,913,41,409.97
C-008,TikTok,2024-02-19,64.42,12208,698,50,517.44
C-009,TikTok,2024-02-19,78.9,16439,650,32,279.49
C-010,TikTok,2024-02-19,185.91,35319,1690,18,344.5
C-011,Meta,2024-02-19,102.05,19944,576,23,318.7
C-012,Google,2024-02-19,159.67,31159,1042,37,507.8
C-001,Meta,2024-02-20,166.38,34280,1086,39,464.33
C-002,Meta,2024-02-20,353.19,67740,1601,27,431.3
C-003,Meta,2024-02-20,90.1,17571,526,20,292.5
C-004,Google,2024-02-20,158.03,32200,1498,111,882.67
C-005,Google,2024-02-20,237.87,44386,1735,65,712.01
C-006,Google,2024-02-20,255.27,47888,1014,19,436.61
C-007,Google,2024-02-20,120.85,23113,681,23,382.7
C-008,TikTok,2024-02-20,66.12,12307,589,46,446.72
C-009,TikTok,2024-02-20,94.37,19252,665,25,306.18
C-010,TikTok,2024-02-20,187.51,34366,2085,23,381.66
C-011,Meta,2024-02-20,119.61,24692,584,21,303.25
C-012,Google,2024-02-20,178.5,34767,1128,42,565.21
C-001,Meta,2024-02-21,137.68,26261,684,29,462.71
C-002,Meta,2024-02-21,280.23,54295,1374,23,402.88
C-003,Meta,2024-02-21,101.61,21707,665,24,297.81
C-004,Google,2024-02-21,199.81,39760,1994,148,1134.71
C-005,Google,2024-02-21,235.37,49091,1719,80,872.39
C-006,Google,2024-02-21,294.91,60400,1070,20,425.55
C-007,Google,2024-02-21,148.89,32590,1139,40,450.95
C-008,TikTok,2024-02-21,68.79,13580,780,64,544.93
C-009,TikTok,2024-02-21,83.46,18063,771,30,290.37
C-010,TikTok,2024-02-21,193.84,37419,1919,22,452.67
C-011,Meta,2024-02-21,130.32,26705,725,25,355.53
C-012,Google,2024-02-21,143.11,29125,1035,48,516.33
C-001,Meta,2024-02-22,152.82,28124,789,31,466.12
C-002,Meta,2024-02-22,311.45,60832,1514,23,375.53
C-003,Meta,2024-02-22,93.26,17323,500,20,233.03
C-004,Google,2024-02-22,201.04,38852,1610,129,1471.74
C-005,Google,2024-02-22,235.01,42491,1628,64,746.38
C-006,Google,2024-02-22,279.3,58051,1021,20,397.86
C-007,Google,2024-02-22,148.49,29360,1031,38,448.83
C-008,TikTok,2024-02-22,62.62,11742,536,47,483.45
C-009,TikTok,2024-02-22,97.01,20826,867,39,313.51
C-010,TikTok,2024-02-22,188.67,37785,1851,24,441.3
C-011,Meta,2024-02-22,103.04,19341,574,22,266.83
C-012,Google,2024-02-22,157.91,34222,1198,45,554.35
C-001,Meta,2024-02-23,150.23,30859,821,28,462.34
C-002,Meta,2024-02-23,329.03,61562,1710,26,439.88
C-003,Meta,2024-02-23,89.91,19400,583,23,243.93
C-004,Google,2024-02-23,173.87,32429,1490,127,1251.23
C-005,Google,2024-02-23,219.28,45414,1479,60,638.2
C-006,Google,2024-02-23,303.55,63958,1090,22,507.15
C-007,Google,2024-02-23,133.94,24154,715,31,390.98
C-008,TikTok,2024-02-23,68.41,14072,687,52,470.2
C-009,TikTok,2024-02-23,83.3,16549,662,32,290.63
C-010,TikTok,2024-02-23,176.14,35309,2036,26,355.94
C-011,Meta,2024-02-23,125.3,25606,649,20,304.93
C-012,Google,2024-02-23,183.44,37719,1379,52,624.18
C-001,Meta,2024-02-24,167.66,32182,864,37,600.84
C-002,Meta,2024-02-24,349.32,74088,1907,29,515.57
C-003,Meta,2024-02-24,106.64,21990,707,24,301.7
C-004,Google,2024-02-24,173.97,31560,1508,115,1025.61
C-005,Google,2024-02-24,224.27,42363,1498,68,855.51
C-006,Google,2024-02-24,294.44,58974,1301,25,524.31
C-007,Google,2024-02-24,117.56,21619,614,22,398.15
C-008,TikTok,2024-02-24,64.73,12125,638,48,408.63
C-009,TikTok,2024-02-24,86.09,18058,646,31,294.24
C-010,TikTok,2024-02-24,185.63,35596,2164,25,432.67
C-011,Meta,2024-02-24,123.01,26788,630,25,344.48
C-012,Google,2024-02-24,177.64,34687,1075,38,628.86
C-001,Meta,2024-02-25,133.68,25133,733,29,479.96
C-002,Meta,2024-02-25,315.93,60865,1620,26,440.65
C-003,Meta,2024-02-25,103.93,19442,566,18,280.92
C-004,Google,2024-02-25,194.1,36247,1760,131,1361.41
C-005,Google,2024-02-25,184.05,37652,1370,55,713.13
C-006,Google,2024-02-25,270.2,49043,892,15,369.3
C-007,Google,2024-02-25,123.07,26254,762,32,396.02
C-008,TikTok,2024-02-25,55.48,11525,549,39,385.5
C-009,TikTok,2024-02-25,92.39,17247,719,30,311.73
C-010,TikTok,2024-02-25,213.67,43557,2279,30,515.4
C-011,Meta,2024-02-25,114.34,24703,638,20,363.19
C-012,Google,2024-02-25,180.07,35318,1070,46,512.47
C-001,Meta,2024-02-26,160.53,32681,883,33,536.9
C-002,Meta,2024-02-26,275.59,59268,1373,20,333.58
C-003,Meta,2024-02-26,114.84,23712,694,22,351.99
C-004,Google,2024-02-26,175.51,34261,1563,116,1022.1
C-005,Google,2024-02-26,222.3,45618,1501,66,792.66
C-006,Google,2024-02-26,260.68,53237,948,18,367.65
C-007,Google,2024-02-26,138.53,25587,723,25,390.62
C-008,TikTok,2024-02-26,54.6,10402,523,38,417.11
C-009,TikTok,2024-02-26,84.47,15337,582,23,343.6
C-010,TikTok,2024-02-26,189.84,34191,1977,26,438.76
C-011,Meta,2024-02-26,126.08,23446,555,20,376.7
C-012,Google,2024-02-26,140.86,26796,812,38,423.17
C-001,Meta,2024-02-27,148.39,27302,739,25,445.01
C-002,Meta,2024-02-27,348.95,67175,1799,23,526.37
C-003,Meta,2024-02-27,86.38,18492,543,18,239.8
C-004,Google,2024-02-27,176.64,36188,1813,119,1256.65
C-005,Google,2024-02-27,190.02,37249,1484,58,623.92
C-006,Google,2024-02-27,309.46,65604,1370,26,437.66
C-007,Google,2024-02-27,137.65,25099,909,32,415.97
C-008,TikTok,2024-02-27,61.63,13071,688,49,427.73
C-009,TikTok,2024-02-27,86.18,15611,626,31,354.31
C-010,TikTok,2024-02-27,177.84,38558,1874,21,322.6
C-011,Meta,2024-02-27,111.42,21456,614,23,337.01
C-012,Google,2024-02-27,163.68,33161,1251,53,498.37
C-001,Meta,2024-02-28,151.04,31419,828,34,446.87
C-002,Meta,2024-02-28,305.19,63190,1525,25,434.74
C-003,Meta,2024-02-28,114.63,20883,609,20,367.22
C-004,Google,2024-02-28,199.0,42740,1678,125,1192.95
C-005,Google,2024-02-28,239.62,43614,1399,61,791.07
C-006,Google,2024-02-28,257.74,51126,1114,19,456.5
C-007,Google,2024-02-28,127.94,23636,755,31,349.33
C-008,TikTok,2024-02-28,58.42,11817,502,35,433.77
C-009,TikTok,2024-02-28,93.21,17913,682,27,352.82
C-010,TikTok,2024-02-28,227.02,44163,2104,23,470.23
C-011,Meta,2024-02-28,122.17,25019,670,25,364.23
C-012,Google,2024-02-28,141.47,29761,900,35,497.51
C-001,Meta,2024-02-29,170.9,32757,989,41,472.36
C-002,Meta,2024-02-29,287.76,53413,1422,22,355.36
C-003,Meta,2024-02-29,103.33,19374,612,22,295.8
C-004,Google,2024-02-29,195.2,40732,1617,118,1431.19
C-005,Google,2024-02-29,231.26,47073,1782,73,823.66
C-006,Google,2024-02-29,318.32,59011,1179,21,440.34
C-007,Google,2024-02-29,146.98,31387,999,40,513.21
C-008,TikTok,2024-02-29,54.19,11008,588,41,376.99
C-009,TikTok,2024-02-29,92.71,19961,759,32,381.77
C-010,TikTok,2024-02-29,224.95,47350,2427,33,539.07
C-011,Meta,2024-02-29,118.3,21925,576,21,355.93
C-012,Google,2024-02-29,150.35,31281,1143,49,543.98
C-001,Meta,2024-03-01,155.97,29327,912,34,475.94
C-002,Meta,2024-03-01,336.55,73789,1927,32,471.72
C-003,Meta,2024-03-01,105.83,20414,505,18,305.1
C-004,Google,2024-03-01,183.81,37991,1667,134,1317.13
C-005,Google,2024-03-01,196.51,42031,1607,67,572.98
C-006,Google,2024-03-01,250.21,51745,941,18,359.61
C-007,Google,2024-03-01,121.68,23121,815,34,354.03
C-008,TikTok,2024-03-01,64.56,11704,640,45,516.15
C-009,TikTok,2024-03-01,96.47,20701,843,38,319.95
C-010,TikTok,2024-03-01,217.06,46006,2369,29,514.15
C-011,Meta,2024-03-01,115.95,25308,780,26,329.74
C-012,Google,2024-03-01,136.62,25965,887,39,485.73
C-001,Meta,2024-03-02,164.85,35683,1136,47,567.89
C-002,Meta,2024-03-02,324.48,66237,1793,30,426.22
C-003,Meta,2024-03-02,90.32,18723,475,16,263.02
C-004,Google,2024-03-02,173.37,34178,1564,104,1155.3
C-005,Google,2024-03-02,194.57,37595,1398,52,592.81
C-006,Google,2024-03-02,265.1,48257,1090,20,444.76
C-007,Google,2024-03-02,129.63,26302,805,34,379.89
C-008,TikTok,2024-03-02,54.96,10297,448,35,385.73
C-009,TikTok,2024-03-02,91.0,16714,582,23,311.08
C-010,TikTok,2024-03-02,191.65,36171,2140,25,462.43
C-011,Meta,2024-03-02,131.65,28863,664,25,362.61
C-012,Google,2024-03-02,179.42,36700,1255,58,605.59
C-001,Meta,2024-03-03,141.94,30749,1045,40,459.69
C-002,Meta,2024-03-03,299.15,64752,1775,25,456.86
C-003,Meta,2024-03-03,98.37,17879,560,19,286.46
C-004,Google,2024-03-03,204.2,38123,1950,147,1131.12
C-005,Google,2024-03-03,182.62,37768,1430,66,606.79
C-006,Google,2024-03-03,246.73,49718,1054,21,427.36
C-007,Google,2024-03-03,135.72,29531,1014,36,415.59
C-008,TikTok,2024-03-03,56.97,10454,452,39,417.33
C-009,TikTok,2024-03-03,92.02,17401,613,26,344.21
C-010,TikTok,2024-03-03,195.98,35408,2048,24,429.02
C-011,Meta,2024-03-03,124.26,26124,723,27,303.32
C-012,Google,2024-03-03,180.55,33265,1192,45,506.09
C-001,Meta,2024-03-04,161.94,31984,929,38,514.16
C-002,Meta,2024-03-04,323.21,59940,1449,23,458.7
C-003,Meta,2024-03-04,113.8,21139,623,26,359.23
C-004,Google,2024-03-04,192.38,37499,1914,145,1271.13
C-005,Google,2024-03-04,186.26,33564,1208,51,718.2
C-006,Google,2024-03-04,263.59,55335,1240,21,410.69
C-007,Google,2024-03-04,135.69,27206,782,28,462.88
C-008,TikTok,2024-03-04,54.5,10205,556,49,433.77
C-009,TikTok,2024-03-04,101.67,22344,839,38,343.02
C-010,TikTok,2024-03-04,174.04,32010,1879,22,346.94
C-011,Meta,2024-03-04,106.62,21987,522,19,334.37
C-012,Google,2024-03-04,151.25,29951,1022,39,496.22
C-001,Meta,2024-03-05,152.95,29760,843,32,416.73
C-002,Meta,2024-03-05,295.63,55832,1496,22,456.11
C-003,Meta,2024-03-05,89.03,18635,580,21,247.25
C-004,Google,2024-03-05,169.5,34250,1391,107,1214.72
C-005,Google,2024-03-05,232.6,43170,1528,59,882.5
C-006,Google,2024-03-05,244.42,44732,765,13,336.07
C-007,Google,2024-03-05,133.19,26132,858,38,419.28
C-008,TikTok,2024-03-05,60.78,13368,662,57,420.0
C-009,TikTok,2024-03-05,82.53,17404,707,29,293.96
C-010,TikTok,2024-03-05,200.62,39295,2162,27,465.28
C-011,Meta,2024-03-05,131.04,26805,651,23,360.99
C-012,Google,2024-03-05,144.6,31515,1089,50,495.47
C-001,Meta,2024-03-06,149.26,29008,796,31,414.99
C-002,Meta,2024-03-06,307.47,55871,1273,21,412.54
C-003,Meta,2024-03-06,99.09,19638,475,20,272.19
C-004,Google,2024-03-06,191.0,38363,1897,156,1153.35
C-005,Google,2024-03-06,212.79,39781,1456,58,756.77
C-006,Google,2024-03-06,308.18,61841,1190,24,495.51
C-007,Google,2024-03-06,124.26,26679,850,33,397.25
C-008,TikTok,2024-03-06,60.03,11139,501,34,450.82
C-009,TikTok,2024-03-06,82.21,15412,561,26,262.07
C-010,TikTok,2024-03-06,183.82,39051,2289,27,383.57
C-011,Meta,2024-03-06,109.59,20433,606,18,264.8
C-012,Google,2024-03-06,163.53,30489,1045,36,534.64
C-001,Meta,2024-03-07,130.02,24746,671,30,428.47
C-002,Meta,2024-03-07,326.11,58942,1570,24,426.89
C-003,Meta,2024-03-07,87.57,17336,557,23,228.85
C-004,Google,2024-03-07,197.84,40365,1976,162,1163.23
C-005,Google,2024-03-07,220.06,41939,1566,62,737.76
C-006,Google,2024-03-07,287.61,54413,1050,16,419.08
C-007,Google,2024-03-07,144.02,28829,900,32,392.39
C-008,TikTok,2024-03-07,59.57,12187,525,45,429.33
C-009,TikTok,2024-03-07,79.67,15877,536,24,314.99
C-010,TikTok,2024-03-07,223.82,47224,2713,32,451.74
C-011,Meta,2024-03-07,103.56,20835,516,20,315.16
C-012,Google,2024-03-07,154.3,31409,1111,49,522.9
C-001,Meta,2024-03-08,131.9,24448,728,26,467.54
C-002,Meta,2024-03-08,299.19,64346,1564,21,445.15
C-003,Meta,2024-03-08,108.68,22075,547,17,329.78
C-004,Google,2024-03-08,190.14,36627,1580,106,1292.11
C-005,Google,2024-03-08,194.48,41657,1424,57,616.71
C-006,Google,2024-03-08,295.17,62044,1208,23,469.79
C-007,Google,2024-03-08,124.94,25262,748,28,369.23
C-008,TikTok,2024-03-08,63.7,13340,738,61,492.74
C-009,TikTok,2024-03-08,88.56,18418,628,25,309.31
C-010,TikTok,2024-03-08,190.31,38447,2239,28,358.98
C-011,Meta,2024-03-08,136.72,24638,583,18,431.72
C-012,Google,2024-03-08,156.9,28644,866,31,432.45
C-001,Meta,2024-03-09,144.79,31763,985,39,492.74
C-002,Meta,2024-03-09,329.36,71744,1965,30,452.66
C-003,Meta,2024-03-09,91.05,18781,573,20,227.1
C-004,Google,2024-03-09,185.37,37191,1538,103,1037.2
C-005,Google,2024-03-09,193.57,34844,1094,52,713.36
C-006,Google,2024-03-09,267.66,52409,1075,19,458.7
C-007,Google,2024-03-09,113.18,20780,621,27,394.54
C-008,TikTok,2024-03-09,57.27,12515,583,48,374.56
C-009,TikTok,2024-03-09,101.6,20624,727,31,322.58
C-010,TikTok,2024-03-09,174.34,33433,2085,27,416.28
C-011,Meta,2024-03-09,133.54,28380,783,29,426.19
C-012,Google,2024-03-09,163.03,34366,1221,56,515.26
C-001,Meta,2024-03-10,148.23,30160,776,27,412.8
C-002,Meta,2024-03-10,332.83,73145,1925,26,440.2
C-003,Meta,2024-03-10,113.66,22807,544,22,304.72
C-004,Google,2024-03-10,158.02,32701,1613,105,1160.06
C-005,Google,2024-03-10,208.52,40482,1584,61,804.07
C-006,Google,2024-03-10,295.38,63919,1277,20,505.99
C-007,Google,2024-03-10,144.54,27212,793,29,464.02
C-008,TikTok,2024-03-10,53.81,9915,558,46,406.43
C-009,TikTok,2024-03-10,93.07,19597,753,29,333.27
C-010,TikTok,2024-03-10,207.24,41384,2607,35,483.35
C-011,Meta,2024-03-10,119.67,26252,797,26,307.14
C-012,Google,2024-03-10,163.68,29816,1072,43,530.18
C-001,Meta,2024-03-11,150.11,29383,930,33,549.02
C-002,Meta,2024-03-11,339.03,67264,1777,22,433.46
C-003,Meta,2024-03-11,102.43,19770,572,20,301.37
C-004,Google,2024-03-11,165.81,32971,1534,110,1077.37
C-005,Google,2024-03-11,191.76,39891,1342,62,608.88
C-006,Google,2024-03-11,253.11,46887,959,15,356.36
C-007,Google,2024-03-11,121.03,22926,718,27,335.33
C-008,TikTok,2024-03-11,68.26,12695,692,49,491.41
C-009,TikTok,2024-03-11,103.38,22120,844,40,404.03
C-010,TikTok,2024-03-11,188.0,38067,2136,24,417.37
C-011,Meta,2024-03-11,104.16,22139,593,22,287.26
C-012,Google,2024-03-11,152.06,29566,993,45,451.22
C-001,Meta,2024-03-12,128.39,23732,790,35,373.74
C-002,Meta,2024-03-12,327.29,67410,1520,24,438.29
C-003,Meta,2024-03-12,105.2,20987,629,26,294.2
C-004,Google,2024-03-12,168.47,34581,1390,93,1196.15
C-005,Google,2024-03-12,199.76,41000,1465,67,591.84
C-006,Google,2024-03-12,251.61,47586,899,15,374.49
C-007,Google,2024-03-12,135.64,25886,814,36,403.22
C-008,TikTok,2024-03-12,61.56,13458,655,47,379.82
C-009,TikTok,2024-03-12,96.15,19853,854,40,302.53
C-010,TikTok,2024-03-12,180.01,33143,1584,21,383.51
C-011,Meta,2024-03-12,102.95,20165,587,18,267.72
C-012,Google,2024-03-12,143.45,29578,1088,42,424.25
C-001,Meta,2024-03-13,140.29,28767,767,33,385.44
C-002,Meta,2024-03-13,335.7,71979,1705,25,536.95
C-003,Meta,2024-03-13,101.22,19322,532,23,310.94
C-004,Google,2024-03-13,162.56,33146,1550,120,1076.92
C-005,Google,2024-03-13,211.48,43476,1434,57,727.59
C-006,Google,2024-03-13,305.6,60409,1159,19,460.15
C-007,Google,2024-03-13,110.5,23493,830,31,339.38
C-008,TikTok,2024-03-13,51.15,11093,629,49,314.05
C-009,TikTok,2024-03-13,88.12,16894,590,22,305.21
C-010,TikTok,2024-03-13,194.7,39411,2099,22,437.96
C-011,Meta,2024-03-13,116.03,22641,567,19,299.5
C-012,Google,2024-03-13,172.7,37371,1347,58,516.94
C-001,Meta,2024-03-14,160.93,34173,998,44,465.91
C-002,Meta,2024-03-14,299.8,61601,1594,22,435.18
C-003,Meta,2024-03-14,90.63,16383,396,15,238.06
C-004,Google,2024-03-14,158.52,30240,1448,115,947.79
C-005,Google,2024-03-14,187.99,37549,1251,49,696.59
C-006,Google,2024-03-14,321.83,63898,1389,23,568.0
C-007,Google,2024-03-14,147.61,26900,931,32,453.49
C-008,TikTok,2024-03-14,54.46,11636,637,55,347.64
C-009,TikTok,2024-03-14,97.24,18471,759,33,375.02
C-010,TikTok,2024-03-14,172.01,34132,2029,24,413.47
C-011,Meta,2024-03-14,119.02,24667,628,21,346.17
C-012,Google,2024-03-14,138.02,30018,996,37,460.02
C-001,Meta,2024-03-15,136.44,29402,978,35,385.91
C-002,Meta,2024-03-15,332.76,64216,1445,20,412.71
C-003,Meta,2024-03-15,108.67,19599,473,19,312.81
C-004,Google,2024-03-15,185.2,36087,1423,95,1056.24
C-005,Google,2024-03-15,217.47,47241,1899,82,641.75
C-006,Google,2024-03-15,292.14,60780,1321,21,429.94
C-007,Google,2024-03-15,148.79,31475,1084,47,452.77
C-008,TikTok,2024-03-15,54.47,11306,541,38,439.09
C-009,TikTok,2024-03-15,89.6,17696,631,30,292.54
C-010,TikTok,2024-03-15,181.2,35135,2067,23,418.35
C-011,Meta,2024-03-15,134.92,27278,641,20,354.62
C-012,Google,2024-03-15,148.64,28937,811,34,458.39
C-001,Meta,2024-03-16,135.85,24554,815,35,400.65
C-002,Meta,2024-03-16,341.22,70404,1780,25,481.16
C-003,Meta,2024-03-16,99.93,20191,584,21,302.05
C-004,Google,2024-03-16,158.97,31941,1250,103,918.54
C-005,Google,2024-03-16,233.53,43923,1530,56,810.92
C-006,Google,2024-03-16,308.25,63597,1281,24,457.09
C-007,Google,2024-03-16,124.79,25486,710,32,353.05
C-008,TikTok,2024-03-16,59.85,12903,563,49,374.13
C-009,TikTok,2024-03-16,91.57,19919,737,31,350.27
C-010,TikTok,2024-03-16,219.42,41828,1983,20,433.67
C-011,Meta,2024-03-16,136.01,29707,705,27,384.45
C-012,Google,2024-03-16,145.09,29170,890,37,419.56
C-001,Meta,2024-03-17,161.21,31695,838,34,493.89
C-002,Meta,2024-03-17,316.04,65296,1819,24,400.03
C-003,Meta,2024-03-17,97.05,18779,471,20,276.63
C-004,Google,2024-03-17,172.03,33134,1710,121,1075.16
C-005,Google,2024-03-17,226.64,44698,1670,72,785.17
C-006,Google,2024-03-17,255.97,53914,1216,20,466.27
C-007,Google,2024-03-17,127.95,25063,856,39,408.04
C-008,TikTok,2024-03-17,60.32,13254,623,46,398.07
C-009,TikTok,2024-03-17,99.6,18014,750,35,334.46
C-010,TikTok,2024-03-17,203.22,41101,2549,27,367.58
C-011,Meta,2024-03-17,114.8,21299,552,20,295.69
C-012,Google,2024-03-17,174.93,32130,1028,47,599.12
C-001,Meta,2024-03-18,160.06,33887,916,40,541.32
C-002,Meta,2024-03-18,327.32,70801,1820,25,489.98
C-003,Meta,2024-03-18,102.29,18733,454,18,283.11
C-004,Google,2024-03-18,197.13,38767,1937,161,1176.29
C-005,Google,2024-03-18,219.63,44824,1338,60,720.42
C-006,Google,2024-03-18,263.6,47882,969,15,422.06
C-007,Google,2024-03-18,119.11,21680,741,28,363.22
C-008,TikTok,2024-03-18,61.71,12353,566,42,430.23
C-009,TikTok,2024-03-18,80.07,14676,569,22,279.53
C-010,TikTok,2024-03-18,175.1,35032,2085,22,327.43
C-011,Meta,2024-03-18,122.13,24366,687,22,353.86
C-012,Google,2024-03-18,171.31,32523,935,41,519.15
C-001,Meta,2024-03-19,169.09,31042,979,38,516.46
C-002,Meta,2024-03-19,302.79,61695,1322,18,485.92
C-003,Meta,2024-03-19,103.49,22727,625,21,259.14
C-004,Google,2024-03-19,197.18,37067,1604,129,1417.31
C-005,Google,2024-03-19,185.58,33809,1342,63,700.77
C-006,Google,2024-03-19,306.89,55408,1172,18,483.67
C-007,Google,2024-03-19,111.39,20981,679,24,347.72
C-008,TikTok,2024-03-19,55.66,11094,592,42,424.65
C-009,TikTok,2024-03-19,77.0,15655,624,24,249.78
C-010,TikTok,2024-03-19,187.04,39571,2253,23,411.02
C-011,Meta,2024-03-19,102.3,20004,503,20,300.2
C-012,Google,2024-03-19,177.49,32083,1175,50,522.16
C-001,Meta,2024-03-20,144.63,31683,836,31,513.74
C-002,Meta,2024-03-20,323.03,60554,1514,22,510.09
C-003,Meta,2024-03-20,85.64,16262,459,16,240.41
C-004,Google,2024-03-20,161.48,31306,1346,104,966.55
C-005,Google,2024-03-20,240.13,48038,1838,80,909.19
C-006,Google,2024-03-20,312.79,66497,1142,20,467.46
C-007,Google,2024-03-20,116.42,25133,842,29,348.15
C-008,TikTok,2024-03-20,68.29,13965,724,53,453.39
C-009,TikTok,2024-03-20,80.62,17641,752,32,293.91
C-010,TikTok,2024-03-20,182.41,33844,1884,24,424.73
C-011,Meta,2024-03-20,113.12,23552,640,20,363.84
C-012,Google,2024-03-20,182.84,33972,1266,58,553.05
C-001,Meta,2024-03-21,152.58,33253,883,33,543.86
C-002,Meta,2024-03-21,341.8,71989,2004,29,465.78
C-003,Meta,2024-03-21,98.29,21363,668,28,265.7
C-004,Google,2024-03-21,195.07,35945,1464,118,1310.55
C-005,Google,2024-03-21,195.31,39585,1273,49,701.38
C-006,Google,2024-03-21,268.18,55654,1105,19,442.57
C-007,Google,2024-03-21,138.27,26956,953,38,382.02
C-008,TikTok,2024-03-21,54.48,9876,532,36,365.17
C-009,TikTok,2024-03-21,87.65,18379,800,38,274.47
C-010,TikTok,2024-03-21,225.63,49508,3022,36,448.93
C-011,Meta,2024-03-21,118.47,22494,590,18,355.13
C-012,Google,2024-03-21,154.26,29697,1012,44,507.52
C-001,Meta,2024-03-22,151.14,32499,1058,42,476.63
C-002,Meta,2024-03-22,351.39,63846,1833,27,476.54
C-003,Meta,2024-03-22,107.06,21659,609,24,268.49
C-004,Google,2024-03-22,168.72,33055,1400,115,1083.96
C-005,Google,2024-03-22,205.12,41952,1272,53,622.56
C-006,Google,2024-03-22,307.71,60947,1300,20,533.5
C-007,Google,2024-03-22,147.08,30569,871,33,449.23
C-008,TikTok,2024-03-22,54.22,11039,587,42,385.08
C-009,TikTok,2024-03-22,83.25,17288,737,36,319.33
C-010,TikTok,2024-03-22,177.41,32743,1773,20,375.22
C-011,Meta,2024-03-22,115.83,24514,664,27,312.52
C-012,Google,2024-03-22,154.27,32509,1205,50,517.29
C-001,Meta,2024-03-23,134.25,28830,781,33,419.24
C-002,Meta,2024-03-23,301.71,63583,1563,24,373.93
C-003,Meta,2024-03-23,88.95,16732,485,17,254.75
C-004,Google,2024-03-23,199.19,40184,1540,128,1192.92
C-005,Google,2024-03-23,215.6,42910,1461,53,755.05
C-006,Google,2024-03-23,258.56,52201,1081,19,454.06
C-007,Google,2024-03-23,112.41,20900,699,24,385.46
C-008,TikTok,2024-03-23,63.01,13453,631,56,392.29
C-009,TikTok,2024-03-23,87.76,16422,656,30,334.09
C-010,TikTok,2024-03-23,205.7,43503,2161,25,442.2
C-011,Meta,2024-03-23,135.53,24900,631,21,365.7
C-012,Google,2024-03-23,139.25,27445,919,35,396.75
C-001,Meta,2024-03-24,158.76,30319,916,36,537.88
C-002,Meta,2024-03-24,330.76,60982,1629,25,530.74
C-003,Meta,2024-03-24,99.51,20652,653,28,270.16
C-004,Google,2024-03-24,185.88,35811,1623,139,1155.25
C-005,Google,2024-03-24,186.67,37801,1330,58,633.25
C-006,Google,2024-03-24,253.11,51729,1099,22,344.42
C-007,Google,2024-03-24,111.44,22847,647,28,376.51
C-008,TikTok,2024-03-24,68.98,13558,644,52,517.14
C-009,TikTok,2024-03-24,76.81,14443,512,25,260.57
C-010,TikTok,2024-03-24,200.4,38668,1811,22,400.81
C-011,Meta,2024-03-24,128.08,26210,607,19,340.39
C-012,Google,2024-03-24,152.22,31494,1169,52,508.39
C-001,Meta,2024-03-25,149.17,30592,1025,41,453.73
C-002,Meta,2024-03-25,347.26,68256,1830,30,456.9
C-003,Meta,2024-03-25,106.75,20562,581,20,326.8
C-004,Google,2024-03-25,196.17,42278,1818,155,1191.12
C-005,Google,2024-03-25,180.46,39582,1437,66,626.63
C-006,Google,2024-03-25,270.72,55174,1224,23,459.83
C-007,Google,2024-03-25,122.77,22253,693,27,350.63
C-008,TikTok,2024-03-25,59.13,12892,589,44,376.21
C-009,TikTok,2024-03-25,97.69,20623,880,38,301.56
C-010,TikTok,2024-03-25,198.96,39792,1985,26,446.95
C-011,Meta,2024-03-25,120.85,25501,614,24,371.08
C-012,Google,2024-03-25,181.03,37485,1100,48,572.23
C-001,Meta,2024-03-26,159.62,32066,818,36,539.45
C-002,Meta,2024-03-26,329.05,60375,1494,19,463.51
C-003,Meta,2024-03-26,104.77,20168,577,20,339.58
C-004,Google,2024-03-26,170.33,31971,1342,95,1087.59
C-005,Google,2024-03-26,185.91,34574,1127,40,655.41
C-006,Google,2024-03-26,281.18,52935,1011,17,401.51
C-007,Google,2024-03-26,137.97,26397,780,27,442.24
C-008,TikTok,2024-03-26,57.1,11291,501,39,432.76
C-009,TikTok,2024-03-26,79.36,14455,537,21,293.93
C-010,TikTok,2024-03-26,205.57,43878,2557,31,407.41
C-011,Meta,2024-03-26,131.43,27405,777,28,420.3
C-012,Google,2024-03-26,172.28,34219,1004,45,620.71
C-001,Meta,2024-03-27,148.57,29450,932,39,470.49
C-002,Meta,2024-03-27,294.24,55597,1540,23,462.96
C-003,Meta,2024-03-27,96.76,20124,591,24,312.8
C-004,Google,2024-03-27,177.48,32161,1436,102,1140.21
C-005,Google,2024-03-27,189.26,39880,1439,53,566.83
C-006,Google,2024-03-27,306.67,64974,1231,23,533.72
C-007,Google,2024-03-27,131.28,25735,802,33,412.82
C-008,TikTok,2024-03-27,68.53,13387,637,55,506.88
C-009,TikTok,2024-03-27,97.68,19283,795,36,323.81
C-010,TikTok,2024-03-27,209.76,38410,2385,29,438.73
C-011,Meta,2024-03-27,123.32,24481,671,26,311.75
C-012,Google,2024-03-27,181.88,33244,968,43,629.39
C-001,Meta,2024-03-28,144.55,28877,907,31,506.55
C-002,Meta,2024-03-28,357.18,77197,2008,25,447.06
C-003,Meta,2024-03-28,89.48,18007,487,18,235.8
C-004,Google,2024-03-28,189.8,36567,1680,141,1161.36
C-005,Google,2024-03-28,237.93,46964,1881,75,709.29
C-006,Google,2024-03-28,238.68,52379,1017,16,358.31
C-007,Google,2024-03-28,124.9,25224,698,29,424.45
C-008,TikTok,2024-03-28,57.47,12324,683,50,438.89
C-009,TikTok,2024-03-28,87.15,16795,615,26,317.99
C-010,TikTok,2024-03-28,209.75,41739,2080,24,496.57
C-011,Meta,2024-03-28,132.24,24619,763,28,329.65
C-012,Google,2024-03-28,139.44,25186,886,36,437.74
C-001,Meta,2024-03-29,172.06,31553,986,38,543.33
C-002,Meta,2024-03-29,347.74,71000,1735,23,488.21
C-003,Meta,2024-03-29,101.56,20109,538,18,303.76
C-004,Google,2024-03-29,184.21,39397,1632,122,1165.34
C-005,Google,2024-03-29,212.91,41449,1658,71,768.39
C-006,Google,2024-03-29,247.51,49319,1042,16,423.49
C-007,Google,2024-03-29,148.86,32651,1132,44,403.08
C-008,TikTok,2024-03-29,67.02,12300,609,52,549.19
C-009,TikTok,2024-03-29,78.61,16142,668,28,245.03
C-010,TikTok,2024-03-29,190.61,40245,2192,26,396.59
C-011,Meta,2024-03-29,128.42,25278,776,30,336.84
C-012,Google,2024-03-29,137.7,29869,1059,46,449.06
C-001,Meta,2024-03-30,130.26,25912,700,24,478.15
C-002,Meta,2024-03-30,349.65,71668,1677,22,490.33
C-003,Meta,2024-03-30,110.54,21125,526,18,354.98
C-004,Google,2024-03-30,153.77,28364,1151,88,894.9
C-005,Google,2024-03-30,206.64,43872,1425,63,699.4
C-006,Google,2024-03-30,305.15,65448,1247,19,436.25
C-007,Google,2024-03-30,146.92,27351,874,40,492.39
C-008,TikTok,2024-03-30,55.28,10923,568,41,426.0
C-009,TikTok,2024-03-30,85.82,17652,722,28,278.14
C-010,TikTok,2024-03-30,193.92,37243,2199,28,411.21
C-011,Meta,2024-03-30,115.67,24085,645,20,359.85
C-012,Google,2024-03-30,136.57,29647,963,41,497.56
C-001,Meta,2024-03-31,158.23,28741,970,40,575.63
C-002,Meta,2024-03-31,313.45,67931,1880,26,408.17
C-003,Meta,2024-03-31,87.95,18132,491,20,274.11
C-004,Google,2024-03-31,192.65,39213,1603,114,1323.71
C-005,Google,2024-03-31,189.83,38327,1410,65,550.92
C-006,Google,2024-03-31,246.21,45341,892,14,368.33
C-007,Google,2024-03-31,118.03,21357,599,27,383.08
C-008,TikTok,2024-03-31,66.04,14398,749,63,421.28
C-009,TikTok,2024-03-31,99.62,18449,733,36,365.74
C-010,TikTok,2024-03-31,228.03,49218,2865,31,474.12
C-011,Meta,2024-03-31,135.7,27893,848,28,371.64
C-012,Google,2024-03-31,179.36,37808,1181,43,500.6
